"Bubbles","A","AnamorphicTransformer, ColormapTransformer, MeltMorphTransformer, SwirlWarpTransformer"
"Bubbles","A","AnamorphicTransformer, FluidWarpTransformer, WheelTransformer"
"Bubbles","A","ColormapTransformer"
"Bubbles","A","ColormapTransformer, FlipWilsonTransformer"
"Bubbles","A","ColormapTransformer, FlipWilsonTransformer, FractalWarpTransformer"
"Bubbles","A","ColormapTransformer, FlipWilsonTransformer, SwirlWarpTransformer"
"Bubbles","A","ColormapTransformer, FractalWarpTransformer, SwirlWarpTransformer, WheelTransformer"
"Bubbles","A","DataMoshTransformer, FluidWarpTransformer, WatercolorTransformer"
"Bubbles","A","FractalWarpTransformer, ThermalImagingTransformer, TritoneTransformer, WheelTransformer"
"Bubbles","B","AnamorphicTransformer, RadialWarpTransformer"
"Bubbles","B","FluidWarpTransformer, MeltMorphTransformer, WatercolorTransformer"
"Bubbles","B","ThermalImagingTransformer"
"Bubbles","C","AnamorphicTransformer, FractalWarpTransformer, WheelTransformer"
"Bubbles","C","ColormapTransformer, ThermalImagingTransformer"
"Bubbles","C","DataMoshTransformer, FlipWilsonTransformer"
"Bubbles","C","DataMoshTransformer, FluidWarpTransformer, FractalWarpTransformer"
"Bubbles","C","FisheyeTransformer"
"Bubbles","C","FractalWarpTransformer, RadialWarpTransformer, SwirlWarpTransformer"
"Bubbles","C","GlitchWarpTransformer"
"Bubbles","C","GlitchWarpTransformer, RadialWarpTransformer, SwirlWarpTransformer, XrayTransformer"
"Bubbles","C","GlitchWarpTransformer, WatercolorTransformer"
"Bubbles","C","MeltMorphTransformer"
"Bubbles","C","MeltMorphTransformer"
"Bubbles","C","RadialWarpTransformer"
"Bubbles","C","WatercolorTransformer"
"Bubbles","C","WheelTransformer"
"Bubbles","C","WheelTransformer"
"Bubbles","C","XrayTransformer"
"Cubes","B","AnamorphicTransformer, FisheyeTransformer, FluidWarpTransformer"
"Cubes","B","AnamorphicTransformer, FractalWarpTransformer"
"Cubes","B","AnamorphicTransformer, FractalWarpTransformer, MeltMorphTransformer"
"Cubes","B","FractalWarpTransformer, WatercolorTransformer"
"Cubes","B","MeltMorphTransformer, WheelTransformer"
"Cubes","C","AnamorphicTransformer"
"Cubes","C","DataMoshTransformer, FisheyeTransformer, FluidWarpTransformer, SwirlWarpTransformer"
"Cubes","C","DataMoshTransformer, FisheyeTransformer, MeltMorphTransformer"
"Cubes","C","DataMoshTransformer, SwirlWarpTransformer, ThermalImagingTransformer"
"Cubes","C","DataMoshTransformer, ThreeDExtrusionTransformer, WheelTransformer"
"Cubes","C","DuotoneTransformer, FluidWarpTransformer, ThreeDExtrusionTransformer"
"Cubes","C","DuotoneTransformer, RadialWarpTransformer"
"Cubes","C","FisheyeTransformer, FluidWarpTransformer"
"Cubes","C","FlipWilsonTransformer, FluidWarpTransformer, FractalWarpTransformer, TritoneTransformer"
"Cubes","C","FlipWilsonTransformer, GlitchWarpTransformer, RadialWarpTransformer, ThermalImagingTransformer"
"Cubes","C","FractalWarpTransformer"
"Cubes","C","FractalWarpTransformer, MeltMorphTransformer, SwirlWarpTransformer"
"Cubes","C","SwirlWarpTransformer"
"Cubes","C","SwirlWarpTransformer"
"Cubes","C","ThermalImagingTransformer"
"Cubes","C","WheelTransformer"
"Hilbert","B","DuotoneTransformer"
"Hilbert","B","FisheyeTransformer"
"Hilbert","B","FisheyeTransformer, FlipWilsonTransformer, SwirlWarpTransformer"
"Hilbert","B","FisheyeTransformer, WheelTransformer"
"Hilbert","C","AnamorphicTransformer"
"Hilbert","C","FisheyeTransformer"
"Lojong","A","AnamorphicTransformer"
"Lojong","A","AnamorphicTransformer"
"Lojong","A","AnamorphicTransformer, GlitchWarpTransformer, WatercolorTransformer"
"Lojong","A","AnamorphicTransformer, SwirlWarpTransformer"
"Lojong","A","ColormapTransformer, DuotoneTransformer"
"Lojong","A","ColormapTransformer, InvertRGBTransformer, ThreeDExtrusionTransformer, WheelTransformer"
"Lojong","A","DataMoshTransformer, FisheyeTransformer, FractalWarpTransformer"
"Lojong","A","FisheyeTransformer, MeltMorphTransformer, RadialWarpTransformer"
"Lojong","A","FlipWilsonTransformer, GlitchWarpTransformer, RadialWarpTransformer, WheelTransformer"
"Lojong","A","FractalWarpTransformer"
"Lojong","A","GlitchWarpTransformer, RadialWarpTransformer, WheelTransformer"
"Lojong","B","AnamorphicTransformer, PosterizationTransformer, ThermalImagingTransformer, TritoneTransformer"
"Lojong","B","DataMoshTransformer"
"Lojong","B","DataMoshTransformer, DuotoneTransformer, GlitchWarpTransformer"
"Lojong","B","DuotoneTransformer, FisheyeTransformer, WatercolorTransformer, XrayTransformer"
"Lojong","B","DuotoneTransformer, FractalWarpTransformer"
"Lojong","B","DuotoneTransformer, MeltMorphTransformer"
"Lojong","B","FisheyeTransformer, FlipWilsonTransformer, FluidWarpTransformer, SwirlWarpTransformer"
"Lojong","B","FisheyeTransformer, FluidWarpTransformer, SwirlWarpTransformer, WatercolorTransformer"
"Lojong","B","FisheyeTransformer, GlitchWarpTransformer"
"Lojong","B","FlipWilsonTransformer, SwirlWarpTransformer, WatercolorTransformer"
"Lojong","C","ColormapTransformer, ThreeDExtrusionTransformer"
"Lojong","C","DataMoshTransformer, DuotoneTransformer, GlitchWarpTransformer"
"Lojong","C","DuotoneTransformer, FlipWilsonTransformer, FluidWarpTransformer"
"Lojong","C","DuotoneTransformer, MeltMorphTransformer"
"Lojong","C","DuotoneTransformer, ThermalImagingTransformer, WatercolorTransformer"
"Lojong","C","FlipWilsonTransformer"
"Lojong","C","FluidWarpTransformer, FractalWarpTransformer"
"Lojong","C","FractalWarpTransformer"
"Lojong","C","FractalWarpTransformer, GlitchWarpTransformer, ThermalImagingTransformer, TritoneTransformer"
"Lojong","C","RadialWarpTransformer"
"Lojong","C","WatercolorTransformer"
"Photo","A","AnamorphicTransformer"
"Photo","A","AnamorphicTransformer"
"Photo","A","AnamorphicTransformer, ColormapTransformer, MeltMorphTransformer"
"Photo","A","AnamorphicTransformer, DataMoshTransformer, MeltMorphTransformer"
"Photo","A","AnamorphicTransformer, FluidWarpTransformer, GlitchWarpTransformer"
"Photo","A","AnamorphicTransformer, GlitchWarpTransformer"
"Photo","A","AnamorphicTransformer, MeltMorphTransformer"
"Photo","A","AnamorphicTransformer, ThermalImagingTransformer"
"Photo","A","ColormapTransformer"
"Photo","A","ColormapTransformer, FluidWarpTransformer, FractalWarpTransformer, WatercolorTransformer"
"Photo","A","ColormapTransformer, GlitchWarpTransformer, WatercolorTransformer"
"Photo","A","ColormapTransformer, SwirlWarpTransformer, ThreeDExtrusionTransformer"
"Photo","A","DataMoshTransformer, FisheyeTransformer, GlitchWarpTransformer, SwirlWarpTransformer"
"Photo","A","DataMoshTransformer, FisheyeTransformer, WatercolorTransformer"
"Photo","A","DataMoshTransformer, FluidWarpTransformer, TritoneTransformer, WheelTransformer"
"Photo","A","DataMoshTransformer, ThermalImagingTransformer"
"Photo","A","DuotoneTransformer, GlitchWarpTransformer, WheelTransformer"
"Photo","A","DuotoneTransformer, ThermalImagingTransformer, WheelTransformer, XrayTransformer"
"Photo","A","FisheyeTransformer"
"Photo","A","FisheyeTransformer"
"Photo","A","FisheyeTransformer"
"Photo","A","FisheyeTransformer, FractalWarpTransformer"
"Photo","A","FisheyeTransformer, FractalWarpTransformer, WheelTransformer"
"Photo","A","FisheyeTransformer, RadialWarpTransformer"
"Photo","A","FisheyeTransformer, RadialWarpTransformer"
"Photo","A","FisheyeTransformer, SwirlWarpTransformer, ThermalImagingTransformer, WheelTransformer"
"Photo","A","FisheyeTransformer, WheelTransformer"
"Photo","A","FlipWilsonTransformer, FluidWarpTransformer, WheelTransformer"
"Photo","A","FlipWilsonTransformer, FractalWarpTransformer, GlitchWarpTransformer, WatercolorTransformer"
"Photo","A","FluidWarpTransformer"
"Photo","A","FractalWarpTransformer"
"Photo","A","GlitchWarpTransformer"
"Photo","A","GlitchWarpTransformer"
"Photo","A","InvertRGBTransformer, WheelTransformer"
"Photo","A","MeltMorphTransformer"
"Photo","A","RadialWarpTransformer, SwirlWarpTransformer, WheelTransformer"
"Photo","A","SwirlWarpTransformer, WheelTransformer"
"Photo","A","WatercolorTransformer"
"Photo","A","WheelTransformer"
"Photo","A","WheelTransformer"
"Photo","A","WheelTransformer"
"Photo","A","WheelTransformer"
"Photo","B","AnamorphicTransformer, DataMoshTransformer, GlitchWarpTransformer"
"Photo","B","AnamorphicTransformer, DataMoshTransformer, GlitchWarpTransformer, WatercolorTransformer"
"Photo","B","ColormapTransformer"
"Photo","B","ColormapTransformer"
"Photo","B","ColormapTransformer, DataMoshTransformer, FluidWarpTransformer, GlitchWarpTransformer"
"Photo","B","ColormapTransformer, DuotoneTransformer"
"Photo","B","ColormapTransformer, FlipWilsonTransformer, TritoneTransformer, WheelTransformer"
"Photo","B","ColormapTransformer, RadialWarpTransformer"
"Photo","B","ColormapTransformer, ThermalImagingTransformer"
"Photo","B","DataMoshTransformer, FluidWarpTransformer, MeltMorphTransformer, ThreeDExtrusionTransformer"
"Photo","B","DataMoshTransformer, MeltMorphTransformer"
"Photo","B","DataMoshTransformer, WatercolorTransformer"
"Photo","B","DataMoshTransformer, WatercolorTransformer"
"Photo","B","DuotoneTransformer, GlitchWarpTransformer"
"Photo","B","FisheyeTransformer"
"Photo","B","FisheyeTransformer, FlipWilsonTransformer, GlitchWarpTransformer, WheelTransformer"
"Photo","B","FisheyeTransformer, ThermalImagingTransformer, WheelTransformer"
"Photo","B","FisheyeTransformer, WatercolorTransformer"
"Photo","B","FlipWilsonTransformer"
"Photo","B","FlipWilsonTransformer"
"Photo","B","FlipWilsonTransformer, FluidWarpTransformer"
"Photo","B","FluidWarpTransformer"
"Photo","B","FluidWarpTransformer, ThermalImagingTransformer, WheelTransformer"
"Photo","B","FractalWarpTransformer, SwirlWarpTransformer, WatercolorTransformer"
"Photo","B","GlitchWarpTransformer, MeltMorphTransformer, WatercolorTransformer"
"Photo","B","GlitchWarpTransformer, ThermalImagingTransformer"
"Photo","B","MeltMorphTransformer, WheelTransformer"
"Photo","B","RadialWarpTransformer"
"Photo","B","SwirlWarpTransformer"
"Photo","B","ThermalImagingTransformer"
"Photo","B","ThermalImagingTransformer"
"Photo","B","WatercolorTransformer"
"Photo","C","AnamorphicTransformer, DataMoshTransformer"
"Photo","C","AnamorphicTransformer, FluidWarpTransformer, FractalWarpTransformer, GlitchWarpTransformer"
"Photo","C","AnamorphicTransformer, FluidWarpTransformer, ThermalImagingTransformer"
"Photo","C","AnamorphicTransformer, FluidWarpTransformer, ThreeDExtrusionTransformer"
"Photo","C","AnamorphicTransformer, FractalWarpTransformer"
"Photo","C","AnamorphicTransformer, FractalWarpTransformer, SwirlWarpTransformer"
"Photo","C","AnamorphicTransformer, GlitchWarpTransformer, SwirlWarpTransformer, ThermalImagingTransformer"
"Photo","C","AnamorphicTransformer, GlitchWarpTransformer, ThreeDExtrusionTransformer"
"Photo","C","AnamorphicTransformer, ThreeDExtrusionTransformer"
"Photo","C","ColormapTransformer"
"Photo","C","ColormapTransformer, DataMoshTransformer, GlitchWarpTransformer"
"Photo","C","ColormapTransformer, DuotoneTransformer, ThermalImagingTransformer"
"Photo","C","ColormapTransformer, FractalWarpTransformer"
"Photo","C","ColormapTransformer, FractalWarpTransformer, MeltMorphTransformer"
"Photo","C","ColormapTransformer, MeltMorphTransformer"
"Photo","C","ColormapTransformer, RadialWarpTransformer"
"Photo","C","DataMoshTransformer"
"Photo","C","DataMoshTransformer, DuotoneTransformer, FlipWilsonTransformer, ThreeDExtrusionTransformer"
"Photo","C","DataMoshTransformer, FisheyeTransformer"
"Photo","C","DataMoshTransformer, FlipWilsonTransformer"
"Photo","C","DataMoshTransformer, FractalWarpTransformer, MeltMorphTransformer"
"Photo","C","DataMoshTransformer, RadialWarpTransformer"
"Photo","C","DuotoneTransformer"
"Photo","C","DuotoneTransformer, FisheyeTransformer, FlipWilsonTransformer, WheelTransformer"
"Photo","C","DuotoneTransformer, FisheyeTransformer, ThermalImagingTransformer"
"Photo","C","DuotoneTransformer, FractalWarpTransformer"
"Photo","C","DuotoneTransformer, FractalWarpTransformer, MeltMorphTransformer"
"Photo","C","DuotoneTransformer, GlitchWarpTransformer"
"Photo","C","FisheyeTransformer, FluidWarpTransformer, WheelTransformer"
"Photo","C","FisheyeTransformer, GlitchWarpTransformer, MeltMorphTransformer"
"Photo","C","FlipWilsonTransformer"
"Photo","C","FlipWilsonTransformer"
"Photo","C","FluidWarpTransformer"
"Photo","C","FluidWarpTransformer"
"Photo","C","FractalWarpTransformer, GlitchWarpTransformer"
"Photo","C","FractalWarpTransformer, InvertRGBTransformer"
"Photo","C","FractalWarpTransformer, MeltMorphTransformer, TritoneTransformer, XrayTransformer"
"Photo","C","GlitchWarpTransformer"
"Photo","C","RadialWarpTransformer"
"Photo","C","RadialWarpTransformer"
"Photo","C","RadialWarpTransformer"
"Photo","C","RadialWarpTransformer"
"Photo","C","RadialWarpTransformer"
"Photo","C","ThreeDExtrusionTransformer"
"Photo","C","ThreeDExtrusionTransformer, WheelTransformer"
"Photo","F","AnamorphicTransformer"
"Photo","F","AnamorphicTransformer"
"Photo","F","AnamorphicTransformer, ColormapTransformer, FisheyeTransformer, WatercolorTransformer"
"Photo","F","AnamorphicTransformer, ColormapTransformer, FlipWilsonTransformer, InvertRGBTransformer"
"Photo","F","AnamorphicTransformer, ColormapTransformer, FlipWilsonTransformer, MeltMorphTransformer"
"Photo","F","AnamorphicTransformer, ColormapTransformer, FlipWilsonTransformer, XrayTransformer"
"Photo","F","AnamorphicTransformer, ColormapTransformer, RadialWarpTransformer, ThermalImagingTransformer"
"Photo","F","AnamorphicTransformer, DataMoshTransformer, PosterizationTransformer, ThermalImagingTransformer"
"Photo","F","AnamorphicTransformer, DataMoshTransformer, ThermalImagingTransformer, WheelTransformer"
"Photo","F","AnamorphicTransformer, DataMoshTransformer, ThreeDExtrusionTransformer"
"Photo","F","AnamorphicTransformer, DuotoneTransformer"
"Photo","F","AnamorphicTransformer, DuotoneTransformer, FlipWilsonTransformer, InvertRGBTransformer"
"Photo","F","AnamorphicTransformer, DuotoneTransformer, WheelTransformer"
"Photo","F","AnamorphicTransformer, FlipWilsonTransformer, InvertRGBTransformer, ThermalImagingTransformer"
"Photo","F","AnamorphicTransformer, FluidWarpTransformer, MeltMorphTransformer, WheelTransformer"
"Photo","F","AnamorphicTransformer, FluidWarpTransformer, PosterizationTransformer"
"Photo","F","AnamorphicTransformer, FluidWarpTransformer, SwirlWarpTransformer, XrayTransformer"
"Photo","F","AnamorphicTransformer, FluidWarpTransformer, XrayTransformer"
"Photo","F","AnamorphicTransformer, GlitchWarpTransformer, HalftoneTransformer, PosterizationTransformer"
"Photo","F","AnamorphicTransformer, GlitchWarpTransformer, HalftoneTransformer, ThermalImagingTransformer"
"Photo","F","AnamorphicTransformer, GlitchWarpTransformer, InvertRGBTransformer"
"Photo","F","AnamorphicTransformer, GlitchWarpTransformer, PosterizationTransformer, RadialWarpTransformer"
"Photo","F","AnamorphicTransformer, GlitchWarpTransformer, SwirlWarpTransformer"
"Photo","F","AnamorphicTransformer, GlitchWarpTransformer, ThreeDExtrusionTransformer, TritoneTransformer"
"Photo","F","AnamorphicTransformer, GlitchWarpTransformer, ThreeDExtrusionTransformer, TritoneTransformer"
"Photo","F","AnamorphicTransformer, GlitchWarpTransformer, ThreeDExtrusionTransformer, WheelTransformer"
"Photo","F","AnamorphicTransformer, GlitchWarpTransformer, TritoneTransformer"
"Photo","F","AnamorphicTransformer, GlitchWarpTransformer, TritoneTransformer"
"Photo","F","AnamorphicTransformer, HalftoneTransformer"
"Photo","F","AnamorphicTransformer, HalftoneTransformer"
"Photo","F","AnamorphicTransformer, HalftoneTransformer, SwirlWarpTransformer, WatercolorTransformer"
"Photo","F","AnamorphicTransformer, HalftoneTransformer, ThermalImagingTransformer"
"Photo","F","AnamorphicTransformer, InvertRGBTransformer"
"Photo","F","AnamorphicTransformer, InvertRGBTransformer"
"Photo","F","AnamorphicTransformer, InvertRGBTransformer, SwirlWarpTransformer, ThreeDExtrusionTransformer"
"Photo","F","AnamorphicTransformer, InvertRGBTransformer, WheelTransformer"
"Photo","F","AnamorphicTransformer, InvertRGBTransformer, XrayTransformer"
"Photo","F","AnamorphicTransformer, MeltMorphTransformer, PosterizationTransformer"
"Photo","F","AnamorphicTransformer, MeltMorphTransformer, PosterizationTransformer"
"Photo","F","AnamorphicTransformer, MeltMorphTransformer, PosterizationTransformer, WatercolorTransformer"
"Photo","F","AnamorphicTransformer, MeltMorphTransformer, XrayTransformer"
"Photo","F","AnamorphicTransformer, PosterizationTransformer"
"Photo","F","AnamorphicTransformer, PosterizationTransformer, TritoneTransformer, WatercolorTransformer"
"Photo","F","AnamorphicTransformer, PosterizationTransformer, WatercolorTransformer"
"Photo","F","AnamorphicTransformer, PosterizationTransformer, WheelTransformer"
"Photo","F","AnamorphicTransformer, RadialWarpTransformer"
"Photo","F","AnamorphicTransformer, RadialWarpTransformer, ThermalImagingTransformer, WatercolorTransformer"
"Photo","F","AnamorphicTransformer, RadialWarpTransformer, ThreeDExtrusionTransformer, XrayTransformer"
"Photo","F","AnamorphicTransformer, RadialWarpTransformer, TritoneTransformer"
"Photo","F","AnamorphicTransformer, SwirlWarpTransformer, ThreeDExtrusionTransformer"
"Photo","F","AnamorphicTransformer, SwirlWarpTransformer, TritoneTransformer"
"Photo","F","AnamorphicTransformer, ThermalImagingTransformer"
"Photo","F","AnamorphicTransformer, ThreeDExtrusionTransformer, XrayTransformer"
"Photo","F","AnamorphicTransformer, WatercolorTransformer"
"Photo","F","AnamorphicTransformer, XrayTransformer"
"Photo","F","ColormapTransformer"
"Photo","F","ColormapTransformer"
"Photo","F","ColormapTransformer"
"Photo","F","ColormapTransformer, DataMoshTransformer, FluidWarpTransformer, HalftoneTransformer"
"Photo","F","ColormapTransformer, DataMoshTransformer, InvertRGBTransformer, WheelTransformer"
"Photo","F","ColormapTransformer, DuotoneTransformer, FlipWilsonTransformer, RadialWarpTransformer"
"Photo","F","ColormapTransformer, DuotoneTransformer, GlitchWarpTransformer, ThermalImagingTransformer"
"Photo","F","ColormapTransformer, DuotoneTransformer, HalftoneTransformer, XrayTransformer"
"Photo","F","ColormapTransformer, DuotoneTransformer, PosterizationTransformer"
"Photo","F","ColormapTransformer, DuotoneTransformer, PosterizationTransformer, XrayTransformer"
"Photo","F","ColormapTransformer, DuotoneTransformer, ThreeDExtrusionTransformer, XrayTransformer"
"Photo","F","ColormapTransformer, DuotoneTransformer, XrayTransformer"
"Photo","F","ColormapTransformer, FisheyeTransformer, HalftoneTransformer, MeltMorphTransformer"
"Photo","F","ColormapTransformer, FisheyeTransformer, InvertRGBTransformer, WheelTransformer"
"Photo","F","ColormapTransformer, FisheyeTransformer, XrayTransformer"
"Photo","F","ColormapTransformer, FlipWilsonTransformer"
"Photo","F","ColormapTransformer, FlipWilsonTransformer"
"Photo","F","ColormapTransformer, FlipWilsonTransformer, FluidWarpTransformer, WatercolorTransformer"
"Photo","F","ColormapTransformer, FlipWilsonTransformer, InvertRGBTransformer"
"Photo","F","ColormapTransformer, FlipWilsonTransformer, WatercolorTransformer"
"Photo","F","ColormapTransformer, FlipWilsonTransformer, WheelTransformer"
"Photo","F","ColormapTransformer, FluidWarpTransformer, GlitchWarpTransformer, XrayTransformer"
"Photo","F","ColormapTransformer, FluidWarpTransformer, HalftoneTransformer, InvertRGBTransformer"
"Photo","F","ColormapTransformer, FractalWarpTransformer"
"Photo","F","ColormapTransformer, FractalWarpTransformer, HalftoneTransformer, ThreeDExtrusionTransformer"
"Photo","F","ColormapTransformer, FractalWarpTransformer, HalftoneTransformer, WheelTransformer"
"Photo","F","ColormapTransformer, FractalWarpTransformer, MeltMorphTransformer, RadialWarpTransformer"
"Photo","F","ColormapTransformer, FractalWarpTransformer, ThermalImagingTransformer, WatercolorTransformer"
"Photo","F","ColormapTransformer, GlitchWarpTransformer, MeltMorphTransformer"
"Photo","F","ColormapTransformer, HalftoneTransformer"
"Photo","F","ColormapTransformer, HalftoneTransformer, PosterizationTransformer, XrayTransformer"
"Photo","F","ColormapTransformer, HalftoneTransformer, ThreeDExtrusionTransformer"
"Photo","F","ColormapTransformer, HalftoneTransformer, WatercolorTransformer"
"Photo","F","ColormapTransformer, HalftoneTransformer, WatercolorTransformer, XrayTransformer"
"Photo","F","ColormapTransformer, InvertRGBTransformer"
"Photo","F","ColormapTransformer, InvertRGBTransformer"
"Photo","F","ColormapTransformer, InvertRGBTransformer"
"Photo","F","ColormapTransformer, InvertRGBTransformer"
"Photo","F","ColormapTransformer, MeltMorphTransformer, ThreeDExtrusionTransformer"
"Photo","F","ColormapTransformer, MeltMorphTransformer, ThreeDExtrusionTransformer, WatercolorTransformer"
"Photo","F","ColormapTransformer, PosterizationTransformer"
"Photo","F","ColormapTransformer, PosterizationTransformer, ThermalImagingTransformer, WheelTransformer"
"Photo","F","ColormapTransformer, PosterizationTransformer, ThreeDExtrusionTransformer"
"Photo","F","ColormapTransformer, PosterizationTransformer, TritoneTransformer"
"Photo","F","ColormapTransformer, ThermalImagingTransformer, WheelTransformer, XrayTransformer"
"Photo","F","ColormapTransformer, ThermalImagingTransformer, XrayTransformer"
"Photo","F","ColormapTransformer, TritoneTransformer"
"Photo","F","ColormapTransformer, TritoneTransformer"
"Photo","F","ColormapTransformer, WatercolorTransformer"
"Photo","F","ColormapTransformer, WatercolorTransformer, WheelTransformer"
"Photo","F","ColormapTransformer, WatercolorTransformer, XrayTransformer"
"Photo","F","ColormapTransformer, WheelTransformer"
"Photo","F","ColormapTransformer, XrayTransformer"
"Photo","F","ColormapTransformer, XrayTransformer"
"Photo","F","DataMoshTransformer"
"Photo","F","DataMoshTransformer"
"Photo","F","DataMoshTransformer"
"Photo","F","DataMoshTransformer"
"Photo","F","DataMoshTransformer, DuotoneTransformer, FluidWarpTransformer, HalftoneTransformer"
"Photo","F","DataMoshTransformer, DuotoneTransformer, GlitchWarpTransformer, PosterizationTransformer"
"Photo","F","DataMoshTransformer, DuotoneTransformer, RadialWarpTransformer"
"Photo","F","DataMoshTransformer, DuotoneTransformer, WatercolorTransformer, XrayTransformer"
"Photo","F","DataMoshTransformer, FisheyeTransformer, FluidWarpTransformer, ThreeDExtrusionTransformer"
"Photo","F","DataMoshTransformer, FisheyeTransformer, InvertRGBTransformer, RadialWarpTransformer"
"Photo","F","DataMoshTransformer, FlipWilsonTransformer, FluidWarpTransformer, MeltMorphTransformer"
"Photo","F","DataMoshTransformer, FlipWilsonTransformer, FractalWarpTransformer, PosterizationTransformer"
"Photo","F","DataMoshTransformer, FlipWilsonTransformer, GlitchWarpTransformer"
"Photo","F","DataMoshTransformer, FlipWilsonTransformer, GlitchWarpTransformer, SwirlWarpTransformer"
"Photo","F","DataMoshTransformer, FlipWilsonTransformer, TritoneTransformer, XrayTransformer"
"Photo","F","DataMoshTransformer, FluidWarpTransformer, FractalWarpTransformer"
"Photo","F","DataMoshTransformer, FluidWarpTransformer, PosterizationTransformer, SwirlWarpTransformer"
"Photo","F","DataMoshTransformer, FluidWarpTransformer, WheelTransformer"
"Photo","F","DataMoshTransformer, FractalWarpTransformer, PosterizationTransformer, WheelTransformer"
"Photo","F","DataMoshTransformer, FractalWarpTransformer, RadialWarpTransformer"
"Photo","F","DataMoshTransformer, FractalWarpTransformer, SwirlWarpTransformer"
"Photo","F","DataMoshTransformer, FractalWarpTransformer, TritoneTransformer, XrayTransformer"
"Photo","F","DataMoshTransformer, GlitchWarpTransformer"
"Photo","F","DataMoshTransformer, GlitchWarpTransformer, HalftoneTransformer"
"Photo","F","DataMoshTransformer, GlitchWarpTransformer, PosterizationTransformer, ThreeDExtrusionTransformer"
"Photo","F","DataMoshTransformer, GlitchWarpTransformer, TritoneTransformer, WatercolorTransformer"
"Photo","F","DataMoshTransformer, GlitchWarpTransformer, TritoneTransformer, WheelTransformer"
"Photo","F","DataMoshTransformer, HalftoneTransformer"
"Photo","F","DataMoshTransformer, HalftoneTransformer, TritoneTransformer"
"Photo","F","DataMoshTransformer, MeltMorphTransformer, SwirlWarpTransformer, ThreeDExtrusionTransformer"
"Photo","F","DataMoshTransformer, MeltMorphTransformer, ThermalImagingTransformer"
"Photo","F","DataMoshTransformer, SwirlWarpTransformer, XrayTransformer"
"Photo","F","DataMoshTransformer, ThermalImagingTransformer, TritoneTransformer, XrayTransformer"
"Photo","F","DataMoshTransformer, ThreeDExtrusionTransformer"
"Photo","F","DataMoshTransformer, TritoneTransformer"
"Photo","F","DataMoshTransformer, WatercolorTransformer"
"Photo","F","DuotoneTransformer"
"Photo","F","DuotoneTransformer"
"Photo","F","DuotoneTransformer, FisheyeTransformer"
"Photo","F","DuotoneTransformer, FisheyeTransformer, FluidWarpTransformer"
"Photo","F","DuotoneTransformer, FisheyeTransformer, PosterizationTransformer"
"Photo","F","DuotoneTransformer, FisheyeTransformer, RadialWarpTransformer, ThermalImagingTransformer"
"Photo","F","DuotoneTransformer, FluidWarpTransformer, HalftoneTransformer, MeltMorphTransformer"
"Photo","F","DuotoneTransformer, FluidWarpTransformer, InvertRGBTransformer"
"Photo","F","DuotoneTransformer, FluidWarpTransformer, InvertRGBTransformer, XrayTransformer"
"Photo","F","DuotoneTransformer, FluidWarpTransformer, PosterizationTransformer, RadialWarpTransformer"
"Photo","F","DuotoneTransformer, FluidWarpTransformer, RadialWarpTransformer, WheelTransformer"
"Photo","F","DuotoneTransformer, FluidWarpTransformer, XrayTransformer"
"Photo","F","DuotoneTransformer, FractalWarpTransformer, MeltMorphTransformer, XrayTransformer"
"Photo","F","DuotoneTransformer, FractalWarpTransformer, PosterizationTransformer"
"Photo","F","DuotoneTransformer, FractalWarpTransformer, PosterizationTransformer, ThermalImagingTransformer"
"Photo","F","DuotoneTransformer, FractalWarpTransformer, TritoneTransformer"
"Photo","F","DuotoneTransformer, GlitchWarpTransformer, HalftoneTransformer, PosterizationTransformer"
"Photo","F","DuotoneTransformer, GlitchWarpTransformer, InvertRGBTransformer"
"Photo","F","DuotoneTransformer, GlitchWarpTransformer, ThermalImagingTransformer, ThreeDExtrusionTransformer"
"Photo","F","DuotoneTransformer, GlitchWarpTransformer, WatercolorTransformer"
"Photo","F","DuotoneTransformer, HalftoneTransformer, InvertRGBTransformer, WatercolorTransformer"
"Photo","F","DuotoneTransformer, HalftoneTransformer, WheelTransformer, XrayTransformer"
"Photo","F","DuotoneTransformer, InvertRGBTransformer"
"Photo","F","DuotoneTransformer, InvertRGBTransformer"
"Photo","F","DuotoneTransformer, InvertRGBTransformer, ThreeDExtrusionTransformer, XrayTransformer"
"Photo","F","DuotoneTransformer, InvertRGBTransformer, WatercolorTransformer"
"Photo","F","DuotoneTransformer, MeltMorphTransformer, TritoneTransformer"
"Photo","F","DuotoneTransformer, MeltMorphTransformer, TritoneTransformer, XrayTransformer"
"Photo","F","DuotoneTransformer, RadialWarpTransformer, TritoneTransformer"
"Photo","F","DuotoneTransformer, ThreeDExtrusionTransformer, TritoneTransformer, XrayTransformer"
"Photo","F","DuotoneTransformer, TritoneTransformer"
"Photo","F","DuotoneTransformer, TritoneTransformer, WatercolorTransformer"
"Photo","F","DuotoneTransformer, WatercolorTransformer, XrayTransformer"
"Photo","F","FisheyeTransformer"
"Photo","F","FisheyeTransformer"
"Photo","F","FisheyeTransformer"
"Photo","F","FisheyeTransformer, FlipWilsonTransformer, FractalWarpTransformer"
"Photo","F","FisheyeTransformer, FlipWilsonTransformer, HalftoneTransformer, WatercolorTransformer"
"Photo","F","FisheyeTransformer, FlipWilsonTransformer, InvertRGBTransformer, MeltMorphTransformer"
"Photo","F","FisheyeTransformer, FluidWarpTransformer"
"Photo","F","FisheyeTransformer, FluidWarpTransformer, GlitchWarpTransformer"
"Photo","F","FisheyeTransformer, FluidWarpTransformer, HalftoneTransformer"
"Photo","F","FisheyeTransformer, FluidWarpTransformer, RadialWarpTransformer"
"Photo","F","FisheyeTransformer, FluidWarpTransformer, ThermalImagingTransformer"
"Photo","F","FisheyeTransformer, FractalWarpTransformer, HalftoneTransformer"
"Photo","F","FisheyeTransformer, FractalWarpTransformer, PosterizationTransformer"
"Photo","F","FisheyeTransformer, FractalWarpTransformer, RadialWarpTransformer, XrayTransformer"
"Photo","F","FisheyeTransformer, GlitchWarpTransformer, MeltMorphTransformer, XrayTransformer"
"Photo","F","FisheyeTransformer, GlitchWarpTransformer, ThreeDExtrusionTransformer, WatercolorTransformer"
"Photo","F","FisheyeTransformer, HalftoneTransformer"
"Photo","F","FisheyeTransformer, HalftoneTransformer, InvertRGBTransformer"
"Photo","F","FisheyeTransformer, HalftoneTransformer, MeltMorphTransformer, ThreeDExtrusionTransformer"
"Photo","F","FisheyeTransformer, HalftoneTransformer, RadialWarpTransformer, ThreeDExtrusionTransformer"
"Photo","F","FisheyeTransformer, InvertRGBTransformer, WatercolorTransformer"
"Photo","F","FisheyeTransformer, MeltMorphTransformer"
"Photo","F","FisheyeTransformer, MeltMorphTransformer, PosterizationTransformer, XrayTransformer"
"Photo","F","FisheyeTransformer, PosterizationTransformer"
"Photo","F","FisheyeTransformer, PosterizationTransformer"
"Photo","F","FisheyeTransformer, PosterizationTransformer, ThreeDExtrusionTransformer, WatercolorTransformer"
"Photo","F","FisheyeTransformer, PosterizationTransformer, TritoneTransformer, WatercolorTransformer"
"Photo","F","FisheyeTransformer, SwirlWarpTransformer, ThermalImagingTransformer, WheelTransformer"
"Photo","F","FisheyeTransformer, SwirlWarpTransformer, TritoneTransformer"
"Photo","F","FisheyeTransformer, ThreeDExtrusionTransformer"
"Photo","F","FisheyeTransformer, ThreeDExtrusionTransformer, XrayTransformer"
"Photo","F","FisheyeTransformer, XrayTransformer"
"Photo","F","FlipWilsonTransformer"
"Photo","F","FlipWilsonTransformer"
"Photo","F","FlipWilsonTransformer"
"Photo","F","FlipWilsonTransformer"
"Photo","F","FlipWilsonTransformer, FluidWarpTransformer, TritoneTransformer, XrayTransformer"
"Photo","F","FlipWilsonTransformer, GlitchWarpTransformer"
"Photo","F","FlipWilsonTransformer, GlitchWarpTransformer, ThreeDExtrusionTransformer, XrayTransformer"
"Photo","F","FlipWilsonTransformer, HalftoneTransformer, MeltMorphTransformer, WatercolorTransformer"
"Photo","F","FlipWilsonTransformer, HalftoneTransformer, PosterizationTransformer, WheelTransformer"
"Photo","F","FlipWilsonTransformer, HalftoneTransformer, PosterizationTransformer, XrayTransformer"
"Photo","F","FlipWilsonTransformer, InvertRGBTransformer, ThermalImagingTransformer"
"Photo","F","FlipWilsonTransformer, MeltMorphTransformer, WheelTransformer"
"Photo","F","FlipWilsonTransformer, PosterizationTransformer"
"Photo","F","FlipWilsonTransformer, PosterizationTransformer"
"Photo","F","FlipWilsonTransformer, PosterizationTransformer, ThreeDExtrusionTransformer"
"Photo","F","FlipWilsonTransformer, RadialWarpTransformer"
"Photo","F","FlipWilsonTransformer, ThermalImagingTransformer, ThreeDExtrusionTransformer, TritoneTransformer"
"Photo","F","FlipWilsonTransformer, ThreeDExtrusionTransformer"
"Photo","F","FlipWilsonTransformer, WheelTransformer, XrayTransformer"
"Photo","F","FlipWilsonTransformer, XrayTransformer"
"Photo","F","FluidWarpTransformer"
"Photo","F","FluidWarpTransformer"
"Photo","F","FluidWarpTransformer"
"Photo","F","FluidWarpTransformer"
"Photo","F","FluidWarpTransformer, FractalWarpTransformer, GlitchWarpTransformer"
"Photo","F","FluidWarpTransformer, FractalWarpTransformer, HalftoneTransformer"
"Photo","F","FluidWarpTransformer, FractalWarpTransformer, HalftoneTransformer, PosterizationTransformer"
"Photo","F","FluidWarpTransformer, FractalWarpTransformer, PosterizationTransformer, ThermalImagingTransformer"
"Photo","F","FluidWarpTransformer, GlitchWarpTransformer"
"Photo","F","FluidWarpTransformer, GlitchWarpTransformer, PosterizationTransformer, ThreeDExtrusionTransformer"
"Photo","F","FluidWarpTransformer, GlitchWarpTransformer, ThreeDExtrusionTransformer"
"Photo","F","FluidWarpTransformer, HalftoneTransformer"
"Photo","F","FluidWarpTransformer, HalftoneTransformer, MeltMorphTransformer, RadialWarpTransformer"
"Photo","F","FluidWarpTransformer, HalftoneTransformer, MeltMorphTransformer, WatercolorTransformer"
"Photo","F","FluidWarpTransformer, HalftoneTransformer, PosterizationTransformer, ThreeDExtrusionTransformer"
"Photo","F","FluidWarpTransformer, HalftoneTransformer, SwirlWarpTransformer, WheelTransformer"
"Photo","F","FluidWarpTransformer, HalftoneTransformer, ThreeDExtrusionTransformer"
"Photo","F","FluidWarpTransformer, InvertRGBTransformer, RadialWarpTransformer, SwirlWarpTransformer"
"Photo","F","FluidWarpTransformer, InvertRGBTransformer, SwirlWarpTransformer, WatercolorTransformer"
"Photo","F","FluidWarpTransformer, InvertRGBTransformer, WatercolorTransformer, WheelTransformer"
"Photo","F","FluidWarpTransformer, MeltMorphTransformer, PosterizationTransformer, ThermalImagingTransformer"
"Photo","F","FluidWarpTransformer, MeltMorphTransformer, XrayTransformer"
"Photo","F","FluidWarpTransformer, PosterizationTransformer"
"Photo","F","FluidWarpTransformer, PosterizationTransformer"
"Photo","F","FluidWarpTransformer, PosterizationTransformer, XrayTransformer"
"Photo","F","FluidWarpTransformer, RadialWarpTransformer, SwirlWarpTransformer, WatercolorTransformer"
"Photo","F","FluidWarpTransformer, RadialWarpTransformer, ThreeDExtrusionTransformer, XrayTransformer"
"Photo","F","FluidWarpTransformer, SwirlWarpTransformer, TritoneTransformer, WatercolorTransformer"
"Photo","F","FluidWarpTransformer, SwirlWarpTransformer, XrayTransformer"
"Photo","F","FluidWarpTransformer, ThermalImagingTransformer"
"Photo","F","FluidWarpTransformer, ThermalImagingTransformer, WheelTransformer, XrayTransformer"
"Photo","F","FluidWarpTransformer, ThreeDExtrusionTransformer, WheelTransformer"
"Photo","F","FluidWarpTransformer, ThreeDExtrusionTransformer, XrayTransformer"
"Photo","F","FluidWarpTransformer, XrayTransformer"
"Photo","F","FractalWarpTransformer"
"Photo","F","FractalWarpTransformer"
"Photo","F","FractalWarpTransformer"
"Photo","F","FractalWarpTransformer, GlitchWarpTransformer, HalftoneTransformer"
"Photo","F","FractalWarpTransformer, GlitchWarpTransformer, InvertRGBTransformer"
"Photo","F","FractalWarpTransformer, GlitchWarpTransformer, RadialWarpTransformer, WatercolorTransformer"
"Photo","F","FractalWarpTransformer, GlitchWarpTransformer, TritoneTransformer"
"Photo","F","FractalWarpTransformer, HalftoneTransformer"
"Photo","F","FractalWarpTransformer, InvertRGBTransformer, PosterizationTransformer, ThreeDExtrusionTransformer"
"Photo","F","FractalWarpTransformer, InvertRGBTransformer, TritoneTransformer, XrayTransformer"
"Photo","F","FractalWarpTransformer, MeltMorphTransformer, PosterizationTransformer"
"Photo","F","FractalWarpTransformer, MeltMorphTransformer, SwirlWarpTransformer"
"Photo","F","FractalWarpTransformer, MeltMorphTransformer, SwirlWarpTransformer, XrayTransformer"
"Photo","F","FractalWarpTransformer, PosterizationTransformer"
"Photo","F","FractalWarpTransformer, PosterizationTransformer"
"Photo","F","FractalWarpTransformer, PosterizationTransformer"
"Photo","F","FractalWarpTransformer, PosterizationTransformer, SwirlWarpTransformer, TritoneTransformer"
"Photo","F","FractalWarpTransformer, RadialWarpTransformer, ThermalImagingTransformer"
"Photo","F","FractalWarpTransformer, SwirlWarpTransformer"
"Photo","F","FractalWarpTransformer, SwirlWarpTransformer, XrayTransformer"
"Photo","F","FractalWarpTransformer, SwirlWarpTransformer, XrayTransformer"
"Photo","F","FractalWarpTransformer, ThermalImagingTransformer"
"Photo","F","FractalWarpTransformer, ThermalImagingTransformer"
"Photo","F","FractalWarpTransformer, ThreeDExtrusionTransformer"
"Photo","F","FractalWarpTransformer, TritoneTransformer"
"Photo","F","FractalWarpTransformer, XrayTransformer"
"Photo","F","GlitchWarpTransformer"
"Photo","F","GlitchWarpTransformer"
"Photo","F","GlitchWarpTransformer"
"Photo","F","GlitchWarpTransformer"
"Photo","F","GlitchWarpTransformer"
"Photo","F","GlitchWarpTransformer"
"Photo","F","GlitchWarpTransformer"
"Photo","F","GlitchWarpTransformer, InvertRGBTransformer, RadialWarpTransformer"
"Photo","F","GlitchWarpTransformer, InvertRGBTransformer, SwirlWarpTransformer"
"Photo","F","GlitchWarpTransformer, InvertRGBTransformer, WatercolorTransformer"
"Photo","F","GlitchWarpTransformer, InvertRGBTransformer, WheelTransformer"
"Photo","F","GlitchWarpTransformer, PosterizationTransformer, RadialWarpTransformer"
"Photo","F","GlitchWarpTransformer, RadialWarpTransformer, XrayTransformer"
"Photo","F","GlitchWarpTransformer, SwirlWarpTransformer, WatercolorTransformer, XrayTransformer"
"Photo","F","GlitchWarpTransformer, SwirlWarpTransformer, WheelTransformer"
"Photo","F","GlitchWarpTransformer, ThreeDExtrusionTransformer"
"Photo","F","GlitchWarpTransformer, ThreeDExtrusionTransformer, TritoneTransformer, XrayTransformer"
"Photo","F","GlitchWarpTransformer, TritoneTransformer"
"Photo","F","GlitchWarpTransformer, WheelTransformer"
"Photo","F","HalftoneTransformer"
"Photo","F","HalftoneTransformer"
"Photo","F","HalftoneTransformer"
"Photo","F","HalftoneTransformer"
"Photo","F","HalftoneTransformer"
"Photo","F","HalftoneTransformer"
"Photo","F","HalftoneTransformer"
"Photo","F","HalftoneTransformer, InvertRGBTransformer"
"Photo","F","HalftoneTransformer, MeltMorphTransformer, SwirlWarpTransformer"
"Photo","F","HalftoneTransformer, MeltMorphTransformer, SwirlWarpTransformer, WatercolorTransformer"
"Photo","F","HalftoneTransformer, MeltMorphTransformer, TritoneTransformer"
"Photo","F","HalftoneTransformer, MeltMorphTransformer, WheelTransformer"
"Photo","F","HalftoneTransformer, PosterizationTransformer, RadialWarpTransformer, SwirlWarpTransformer"
"Photo","F","HalftoneTransformer, RadialWarpTransformer"
"Photo","F","HalftoneTransformer, RadialWarpTransformer, WheelTransformer"
"Photo","F","HalftoneTransformer, RadialWarpTransformer, WheelTransformer"
"Photo","F","HalftoneTransformer, SwirlWarpTransformer"
"Photo","F","HalftoneTransformer, SwirlWarpTransformer, ThreeDExtrusionTransformer"
"Photo","F","HalftoneTransformer, SwirlWarpTransformer, ThreeDExtrusionTransformer"
"Photo","F","HalftoneTransformer, SwirlWarpTransformer, ThreeDExtrusionTransformer"
"Photo","F","HalftoneTransformer, ThermalImagingTransformer, ThreeDExtrusionTransformer"
"Photo","F","HalftoneTransformer, ThreeDExtrusionTransformer"
"Photo","F","HalftoneTransformer, ThreeDExtrusionTransformer, TritoneTransformer, XrayTransformer"
"Photo","F","HalftoneTransformer, ThreeDExtrusionTransformer, WatercolorTransformer, XrayTransformer"
"Photo","F","HalftoneTransformer, ThreeDExtrusionTransformer, WheelTransformer"
"Photo","F","HalftoneTransformer, TritoneTransformer"
"Photo","F","HalftoneTransformer, TritoneTransformer, WatercolorTransformer"
"Photo","F","HalftoneTransformer, WheelTransformer"
"Photo","F","HalftoneTransformer, WheelTransformer"
"Photo","F","InvertRGBTransformer"
"Photo","F","InvertRGBTransformer"
"Photo","F","InvertRGBTransformer"
"Photo","F","InvertRGBTransformer"
"Photo","F","InvertRGBTransformer"
"Photo","F","InvertRGBTransformer"
"Photo","F","InvertRGBTransformer"
"Photo","F","InvertRGBTransformer"
"Photo","F","InvertRGBTransformer, MeltMorphTransformer, SwirlWarpTransformer"
"Photo","F","InvertRGBTransformer, MeltMorphTransformer, ThreeDExtrusionTransformer"
"Photo","F","InvertRGBTransformer, MeltMorphTransformer, TritoneTransformer"
"Photo","F","InvertRGBTransformer, PosterizationTransformer"
"Photo","F","InvertRGBTransformer, PosterizationTransformer, ThermalImagingTransformer, WheelTransformer"
"Photo","F","InvertRGBTransformer, RadialWarpTransformer"
"Photo","F","InvertRGBTransformer, RadialWarpTransformer, ThreeDExtrusionTransformer"
"Photo","F","InvertRGBTransformer, RadialWarpTransformer, WatercolorTransformer"
"Photo","F","InvertRGBTransformer, SwirlWarpTransformer"
"Photo","F","InvertRGBTransformer, SwirlWarpTransformer, TritoneTransformer, WatercolorTransformer"
"Photo","F","InvertRGBTransformer, ThermalImagingTransformer"
"Photo","F","InvertRGBTransformer, ThermalImagingTransformer"
"Photo","F","InvertRGBTransformer, WatercolorTransformer"
"Photo","F","InvertRGBTransformer, WatercolorTransformer, XrayTransformer"
"Photo","F","InvertRGBTransformer, WheelTransformer"
"Photo","F","InvertRGBTransformer, WheelTransformer"
"Photo","F","InvertRGBTransformer, XrayTransformer"
"Photo","F","MeltMorphTransformer"
"Photo","F","MeltMorphTransformer, PosterizationTransformer"
"Photo","F","MeltMorphTransformer, PosterizationTransformer, ThermalImagingTransformer"
"Photo","F","MeltMorphTransformer, PosterizationTransformer, WheelTransformer"
"Photo","F","MeltMorphTransformer, RadialWarpTransformer, WheelTransformer, XrayTransformer"
"Photo","F","MeltMorphTransformer, RadialWarpTransformer, XrayTransformer"
"Photo","F","MeltMorphTransformer, SwirlWarpTransformer"
"Photo","F","MeltMorphTransformer, SwirlWarpTransformer, ThreeDExtrusionTransformer, TritoneTransformer"
"Photo","F","MeltMorphTransformer, ThermalImagingTransformer, ThreeDExtrusionTransformer, WheelTransformer"
"Photo","F","MeltMorphTransformer, ThermalImagingTransformer, TritoneTransformer, WatercolorTransformer"
"Photo","F","MeltMorphTransformer, ThermalImagingTransformer, WheelTransformer, XrayTransformer"
"Photo","F","MeltMorphTransformer, ThermalImagingTransformer, XrayTransformer"
"Photo","F","MeltMorphTransformer, ThreeDExtrusionTransformer, XrayTransformer"
"Photo","F","MeltMorphTransformer, TritoneTransformer"
"Photo","F","MeltMorphTransformer, WatercolorTransformer"
"Photo","F","MeltMorphTransformer, XrayTransformer"
"Photo","F","MeltMorphTransformer, XrayTransformer"
"Photo","F","PosterizationTransformer"
"Photo","F","PosterizationTransformer"
"Photo","F","PosterizationTransformer"
"Photo","F","PosterizationTransformer"
"Photo","F","PosterizationTransformer"
"Photo","F","PosterizationTransformer"
"Photo","F","PosterizationTransformer"
"Photo","F","PosterizationTransformer"
"Photo","F","PosterizationTransformer"
"Photo","F","PosterizationTransformer, RadialWarpTransformer"
"Photo","F","PosterizationTransformer, RadialWarpTransformer, ThreeDExtrusionTransformer"
"Photo","F","PosterizationTransformer, SwirlWarpTransformer"
"Photo","F","PosterizationTransformer, SwirlWarpTransformer, ThermalImagingTransformer, XrayTransformer"
"Photo","F","PosterizationTransformer, ThermalImagingTransformer"
"Photo","F","PosterizationTransformer, TritoneTransformer"
"Photo","F","PosterizationTransformer, WatercolorTransformer"
"Photo","F","PosterizationTransformer, WatercolorTransformer"
"Photo","F","PosterizationTransformer, WheelTransformer"
"Photo","F","PosterizationTransformer, XrayTransformer"
"Photo","F","PosterizationTransformer, XrayTransformer"
"Photo","F","RadialWarpTransformer"
"Photo","F","RadialWarpTransformer"
"Photo","F","RadialWarpTransformer"
"Photo","F","RadialWarpTransformer, ThermalImagingTransformer, ThreeDExtrusionTransformer, XrayTransformer"
"Photo","F","RadialWarpTransformer, ThreeDExtrusionTransformer"
"Photo","F","RadialWarpTransformer, ThreeDExtrusionTransformer, TritoneTransformer"
"Photo","F","RadialWarpTransformer, ThreeDExtrusionTransformer, WheelTransformer"
"Photo","F","RadialWarpTransformer, TritoneTransformer"
"Photo","F","RadialWarpTransformer, TritoneTransformer"
"Photo","F","RadialWarpTransformer, TritoneTransformer, WatercolorTransformer"
"Photo","F","RadialWarpTransformer, WatercolorTransformer"
"Photo","F","RadialWarpTransformer, XrayTransformer"
"Photo","F","RadialWarpTransformer, XrayTransformer"
"Photo","F","SwirlWarpTransformer"
"Photo","F","SwirlWarpTransformer"
"Photo","F","SwirlWarpTransformer"
"Photo","F","SwirlWarpTransformer"
"Photo","F","SwirlWarpTransformer"
"Photo","F","SwirlWarpTransformer"
"Photo","F","SwirlWarpTransformer, ThermalImagingTransformer"
"Photo","F","SwirlWarpTransformer, ThermalImagingTransformer"
"Photo","F","SwirlWarpTransformer, ThreeDExtrusionTransformer, TritoneTransformer, WatercolorTransformer"
"Photo","F","SwirlWarpTransformer, TritoneTransformer"
"Photo","F","SwirlWarpTransformer, TritoneTransformer, XrayTransformer"
"Photo","F","ThermalImagingTransformer"
"Photo","F","ThermalImagingTransformer"
"Photo","F","ThermalImagingTransformer, ThreeDExtrusionTransformer"
"Photo","F","ThermalImagingTransformer, TritoneTransformer, WatercolorTransformer"
"Photo","F","ThreeDExtrusionTransformer"
"Photo","F","ThreeDExtrusionTransformer"
"Photo","F","ThreeDExtrusionTransformer"
"Photo","F","ThreeDExtrusionTransformer"
"Photo","F","ThreeDExtrusionTransformer"
"Photo","F","ThreeDExtrusionTransformer"
"Photo","F","ThreeDExtrusionTransformer, TritoneTransformer, WheelTransformer, XrayTransformer"
"Photo","F","ThreeDExtrusionTransformer, WatercolorTransformer"
"Photo","F","ThreeDExtrusionTransformer, WatercolorTransformer"
"Photo","F","ThreeDExtrusionTransformer, WatercolorTransformer"
"Photo","F","TritoneTransformer"
"Photo","F","TritoneTransformer"
"Photo","F","TritoneTransformer"
"Photo","F","TritoneTransformer"
"Photo","F","TritoneTransformer"
"Photo","F","TritoneTransformer"
"Photo","F","TritoneTransformer"
"Photo","F","TritoneTransformer, WatercolorTransformer"
"Photo","F","TritoneTransformer, WatercolorTransformer"
"Photo","F","TritoneTransformer, WatercolorTransformer, XrayTransformer"
"Photo","F","TritoneTransformer, WheelTransformer"
"Photo","F","WatercolorTransformer"
"Photo","F","WatercolorTransformer"
"Photo","F","WatercolorTransformer"
"Photo","F","WatercolorTransformer, XrayTransformer"
"Photo","F","WatercolorTransformer, XrayTransformer"
"Photo","F","WatercolorTransformer, XrayTransformer"
"Photo","F","WheelTransformer"
"Photo","F","WheelTransformer"
"Photo","F","WheelTransformer, XrayTransformer"
"Photo","F","XrayTransformer"
"Photo","F","XrayTransformer"
"Photo","F","XrayTransformer"
"Photo","F","XrayTransformer"
"Photo","F","XrayTransformer"
"Photo","F","XrayTransformer"
